ABBOTSBURY,LN,31088,R020
ABERCORN,ST,31088,RO21
ABNEY,CT,31028,C031
ACORN RIDGE,CT,31088,C028
ATERBURNER,WAY,31098,C050
AFTON,CT,31028,C043
AINSLEY,CT,31093,R004
AIR PARK,DR,31088,R001
AIR VIEW,DR,31093,R004
ALABAMA,AVE,31093,C012
ALABAMA,PL,31093,C012
ALAMO,CT,31088,R017
ALAN A DALE,CT,31088,C008
ALAN ALBERT,CT,31088,R015
ALANWOOD,CT,31093,R006
ALASKA,WAY,31093,C012
ALBERT,CT,31093,ROO6
ALDERLY,LN,31088,R015
ALEX,CIR,31093,R002
ALEXANDER,DR,31093,C022
ALI,CT,31088,R013
ALLENTOWN,RD,31098,C056
ALLINGTON,WALK,31088,R001
ALMA,AVE,31088,C014
ALPINE,CT,31088,C019
ALTON WOODS,DR,31088,R011
N AMANDA,PL,31088,C042
S AMANDA,PL,31088,C042
AMBER,DR,31088,C040
AMERICAN,BLVD,31093,C012
ANABELLE,CT,31088,R022
ANDRA,AVE,31098,C011
ANDREW,DR,31093,R002
ANDY TAYLOR,WAY,31088,R010
ANGEL,CT,31088,R003
ANGELA,AVE,31093,C005
ANGELINA GRACE,DR,31088,R022
ANGUS,BLVD,31088,C040
ANJUL,CT,31093,C039
ANNE,DR,31028,C043
ANNE,DR,31093,C013
ANNE,DR,31028,C043
ANNE,DR,31093,C013
ANNE,DR,31093,C013
ANNE,DR,31093,C013
ANNE,DR,31093,C013
ANNE,LN,31093,C039
ANNESBROOKE,CT,31088,R011
ANTEBELLUM,CIR,31093,R004
ANTHONY,AVE,31093,C035
ANTLER,TRL,31088,R003
ANZA,DR,31088,C029
APOLLO,DR,31098,C050
APPIAN,WAY,31088,C004
APPLE,CT,31088,R001
ARBOR,CRK,31093,R004
ARBOR,LN,31028,R008
ARBOUR,CT,31088,C036
ARCHDALE,DR,31093,C037
ARCHER,AVE,31088,C008
ARELIA,DR,31088,R022
ARIZONA,AVE,31093,C012
ARLINGTON,CT,31088,C004
ARLINGTON,PL,31088,C030
N ARMED FORCES,BLVD,31093,C001
S ARMED FORCES,BLVD,31088,C004
S ARMED FORCES,BLVD,31088,C014
ARNOLD,BLVD,31093,C013
ARNOLD,ST,31028,C043
ARROW WOOD,CT,31093,R002
ARROWHEAD,TRL,31088,C019
ARROWHEAD,TRL,31088,C034
ARROWHEAD,TRL,31088,C019
ARROWHEAD,TRL,31088,C019
ARROWHEAD,TRL,31088,C015
ARROWOOD,DR,31088,C042
ARTHUR,ST,31088,C029
ARTHUR WALTER,CT,31088,R022
ARTIS WILSON,DR,31088,C004
ASBELL,WAY,31028,C025
ASHBY,WAY,31088,C015
ASHBY,WAY,31088,C019
ASHLEY,CT,31088,R001
ASHLUND,DR,31028,C025
ASHLUND,DR,31028,C025
ASHLUND,DR,31093,C035
ASHTON,CT,31088,R021
ASHTON,DR,31093,R004
ASHWOOD,DR,31088,C042
ASPEN,CT,31093,R002
ASTIG,CT,31028,C025
ASTOR,ST,31093,C001
ATHENA,TER,31088,R009
ATHENS,ST,31088,C007
ATRIUM,CT,31088,C044
ATRIUM,DR,31088,C044
AUBURN,DR,31093,C006
AUDUBON,WAY,31088,C007
AUGUSTUS,DR,31093,R002
AUSTIN,AVE,31088,C008
AUTUMN,CT,31028,R008
AUTUMN,DR,31088,R009
AUTUMN WOODS,DR,31088,R017
AVALON,CIR,31093,C023
AVALON,CT,31093,C023
AVALON,DR,31093,C023
AVANTE,CT,31093,C037
AVON,PL,31088,C015
AVONDALE,CIR,31088,R017
BACHELORS,CIR,31098,C050
BACK CEDAR,LN,31093,R004
BAKER,RD,31093,R002
BALD EAGLE,TRL,31093,C037
BALLYHARA,"",31088,R001
BALMORAL,LN,31088,R016
BALTUS,LN,31088,R017
BARBARA,DR,31093,C006
BARBERRY,CT,31093,R018
BARECKY,DR,31088,C028
BARGAIN,RD,31093,C005
BARLEY,PL,31088,R007
BARNESDALE,DR,31093,C037
BAROSSA,CT,31088,R019
BARRINGTON,PL N,31088,R009
BARRINGTON,PL S,31088,R009
BARTLETT,WAY,31028,R008
BASS,RD,31088,R011
BASSETT,ST,31028,C025
BASSFORD,DR,31093,C006
BAUMAN,DR,31093,C035
BAY,CT,31088,C014
BAY,ST,31088,C004
BAY,ST,31088,C014
BAY GALL,CT,31088,C008
BAY LAUREL,CIR,31088,R015
BAYBERRY,CT,31088,R017
BAYSIDE,CIR,31088,C040
BAYSIDE,DR,31088,C040
BAZEMORE,CIR,31093,C035
BEALE,DR,31098,C050
BEALE,DR,31098,C050
BEALE,DR,31098,C053
BEALE,DR,31098,C050
BEAR COUNTRY,BLVD,31088,R023
BEAR LAKE,DR,31088,C041
BEATRICE,DR,31088,C014
BEAVER COVE,DR,31088,C030
BEAVER LODGE,PL,31088,C030
BEAVER RUN,DR,31088,C030
S BEAVER RUN,DR,31088,C030
BEDIVERE,DR,31093,C023
BELAIRE,DR,31088,C008
BELAIRE,DR,31088,C015
BELL,DR,31093,C001
BELLEMEADE,CIR,31088,R021
BELLSHILL,CT,31088,R022
BELMONT,DR,31088,C015
BENFORD HALL,"",31098,C058
BENJAMIN,AVE,31098,C011
BENJAMIN,RD,31093,R006
BENTGRASS,PL,31088,R011
BENTON,AVE,31088,C018
BENTWOOD,CV,31088,C041
BENTWOOD,DR,31088,C042
BERGERMOUNT,CT,31088,R017
BERKLEY,CIR,31093,R006
BERKSHIRE,DR,31088,C030
BERNARD,DR,31093,C093
BERNARD,DR,31093,C013
BERNARD,DR,31093,C013
BERNARD,DR,31093,C039
BETTY,DR,31093,R002
BEULAH CHURCH,RD,31088,R021
BIGHAM,DR,31088,C010
BILLY,AVE,31093,C033
BILTMORE,TER,31088,C015
BIRCH,AVE,31093,C016
BISCAYNE,DR,31088,C007
BLACK OAK,TRL,31088,R003
BLACKBERRY,LN,31093,R018
BLAIR,CT,31088,R016
BLAKE,TER,31088,R007
BLOSSOM,LN,31028,R008
BLUE JAY,WAY,31088,R007
BLUE RIDGE,LN,31088,C028
BLUNK,DR,31098,C050
BLUNK,DR,31098,C050
BLUNK,DR,31098,C053
BLUNK,DR,31098,C050
BONAIRE,ST,31098,C050
BONNIE,DR,31088,C034
BOOKER,ST,31093,C001
BOOTH,RD,31088,C014
BOOTH,RD,31088,C007
BOOTH,RD,31088,C014
BOOTH,RD,31088,C007
BOOTH,RD,31088,C007
BOOTH,RD,31088,C041
BOQUET,CT,31088,R019
BORDERS,WAY,31088,R005
BORGHESE,DR,31098,C050
BORGHESE,DR,31098,C053
BORGHESE,DR,31098,C050
BOWDEN,DR,31093,C013
BOWEN,DR,31088,R003
BOWLING,DR,31088,C010
BRADY,DR,31088,C010
BRANDIRON,LN,31028,C031
BRANDYWINE,CT,31088,C004
BRANTLEY,RD,31093,R006
BRANTLEY,RDG,31088,R023
BRANTLEY,RDG,31088,R022
BRANTWOOD,AVE,31028,C031
BRECKENRIDGE,DR,31088,C030
BREEZE POINT,TRL,31088,C030
BRENTWOOD,DR,31088,R015
BRETT,AVE,31088,C018
BRETWOOD,CT,31028,R008
BRIAN,DR,31088,R003
BRIANNA,DR,31093,R006
BRIAR RIDGE,DR,31093,R002
BRIARCLIFF,RD,31088,C018
N BRIARCLIFF,RD,31088,C018
S BRIARCLIFF,RD,31088,C018
BRIARDALE,AVE,31093,C039
BRIARDALE,AVE,31093,C013
BRIARMOOR,DR,31088,R003
BRIARWOOD,DR,31093,C033
BRIDGEWAY,DR,31088,R020
BRIDLE,RDG,31088,R011
BRIDLEPATH,WAY,31088,R012
BRIDLEWOOD,TRL,31093,C022
BRISTOL,DR,31093,C035
BRITTANY,CT,31093,C037
BRITTANY,CT,31093,C006
BRITTWOOD,CT,31088,R013
BRODERICK,CIR,31088,R021
BROMLEY,WAY,31088,R019
BROOK SIDE,LN,31088,R015
BROOKE,CT,31088,C030
BROOKHAVEN,CIR,31093,C023
BROOKHAVEN,CIR,31093,C033
BROOKLEY,AVE,31098,C011
BROOKLEY,CT,31098,C011
BROOKS,LN,31088,C014
BROOKSDALE,DR,31088,C015
BROOKSHIRE,WAY,31093,R004
BROOKWOOD,DR,31088,C008
BROUGHTON,ST,31088,R021
BROWN,DR,31093,C035
BRUCE,ST,31093,C039
BRYCE,DR,31088,R021
BRYSON,WAY,31088,R007
BUCHANAN,DR,31088,R001
BUCK HORN,TRL,31088,R003
BUCKSKIN,DR,31088,C028
BUFORD,DR,31088,C044
BULL,ST,31088,R021
BUNKERS,TRL,31088,C041
BURNS,DR,31088,C040
BURNT HICKORY,CT,31088,R022
BUSA,DR,31088,C015
BUSH HALL,"",31098,C058
BUTLER,CT,31088,R009
BYRD,CT,31088,R005
BYRD,WAY,31088,R005
BYRON,ST,31098,C050
BYRON,ST,31098,C050
BYRON,ST,31098,C053
BYRON,ST,31098,C050
BYRON,ST,31098,C054
CABE,DR,31088,R001
CADE,TER,31088,R011
CALDER,LN,31088,R021
CALEB,CT,31093,R004
CALHOUN,DR,31093,C033
CALLE MAYOR,ST,31088,C029
CALLE VERDE,DR,31088,R009
CALVIN,CT,31093,R006
CALVIN,DR,31093,R006
CAMBRIDGE,DR,31093,C035
S CAMBRIDGE,DR,31028,C025
CAMDEN,CT,31088,R015
CAMELLIA,CIR,31093,C005
CAMELLIA,CIR,31093,C012
CAMELLIA,CIR,31093,C005
CAMELOT,PL,31093,C023
CAMPBELL,CT,31093,C005
CANDLWYCK,DR,31088,R007
CANDY,LN,31088,R007
CAPITOL,AVE,31093,R018
CARIBU,LN,31028,R008
CARL VINSON,PKWY,31088,C029
CARL VINSON,PKWY,31088,C042
CARL VINSON,PKWY,31028,C031
CARL VINSON,PKWY,31093,C035
CARL VINSON,PKWY,31028,C031
CARL VINSON,PKWY,31093,C037
CARL VINSON,PKWY,31028,C031
CARL VINSON,PKWY,31093,C037
CARNABY,ST,31088,R016
CAROLINA,AVE,31093,C012
CARRIAGE,CT,31093,C037
CARRIAGE,RUN,31088,R011
CARRIAGE HILL,DR,31088,C007
CARRINGTON,LN,31028,R008
CARROLL,DR,31093,C005
CARTER,CIR,31093,C022
CARTERWOODS,DR,31088,C042
CARVER,CT,31088,R010
CASHMERE,CT,31028,R008
CASWELL,CT,31088,C029
CATALINE,DR,31088,C029
CATHERINE LAYNE,ST,31088,R013
CATHY,CT,31088,C040
CEDAR,CT,31088,C030
CEDAR GLEN,CT,31028,C031
CEDAR RIDGE,DR,31088,C028
CEDARLAND,DR,31088,R012
CENTURY,BLVD,31088,C028
CHADWICK,RD,31088,R009
CHALET,CV,31028,R008
CHAMBERLAIN,DR,31088,R016
CHAMBLEE,WAY,31088,R022
CHANCE,CT,31093,R004
CHANDLER,CT,31088,R023
CHANNING,TRL,31088,C019
CHANTILLY,DR,31088,R011
CHANTILLY,DR,31088,C042
N CHARITY,LN,31088,R020
S CHARITY,LN,31088,R020
CHARLES,CIR,31093,C005
CHARLESTON,CT,31088,R001
CHARLIE,CT,31088,C019
CHARTER,CT,31028,C025
CHASE,CIR,31028,C043
CHASTAIN,DR,31093,C005
CHAUNCEY,ST,31093,C039
CHELSEA,DR,31088,C029
CHEROKEE,DR,31093,C013
CHEROKEE,DR,31093,C039
CHEROKEE FOREST,TRL,31088,C019
CHERREN DALE,DR,31088,C034
CHERRY,CT,31093,C035
CHERRY,LN,31093,C013
CHERRY DRIVE,CIR,31098,C011
CHERRY DRIVE,CT,31098,C011
CHERRY DRIVE,TER,31098,C011
CHERRYWOOD,CT,31088,C034
CHERYL,BLVD,31088,C040
CHESHIRE,DR,31088,R020
CHESTNUT,RD,31088,C015
CHEYENNE,DR,31093,R002
CHICORY,CT,31088,R015
CHIEFS,CIR,31098,C011
CHILDERS,DR,31088,R017
CHIMNEY,PL,31088,R003
CHOCTAW,ST,31088,C044
CHRIS,DR,31093,C001
CHRISTOPHER,CT,31098,C011
CHRISTOPHER,DR,31093,R006
CHUCK,CIR,31093,C001
E CHURCH,ST,31028,C043
CHURCHILL,PL,31088,R016
CLAIRMOUNT,DR,31088,C015
CLARISSA,DR,31088,R019
CLAY,ST,31088,C014
CLAY STONE,CT,31093,R004
CLAYTON,CT,31088,R023
CLAYTON SCOTT,ST,31088,R013
CLEMSON,DR,31093,C006
CLEMSON,DR,31093,C023
CLIFF HOWARD,DR,31088,R009
CLIFF POINTE,"",31088,C041
CLINTON,RD,31088,C042
CLONSONS,DR,31088,C028
CLOVER,CT,31088,R012
CLUB,CT,31088,C041
CLUB,DR,31098,C050
CLUB PLACE,CT,31088,C041
COBBLESTONE,LN,31088,C034
COCHRAN,ST,31098,C050
COHEN,CT,31088,C044
COHEN WALKER,DR,31088,R010
COHEN WALKER,DR,31088,R023
COLBERT,BLVD,31088,C044
COLE,CT,31088,R022
COLEMAN,BLVD,31088,C007
COLEMAN,BLVD,31088,C014
COLLINS,AVE,31028,C043
COLLINS,AVE,31028,C043
COLLINS,AVE,31028,C025
COLLINS,AVE,31028,C025
COLLINS,AVE,31028,C031
COLLINS,AVE,31028,C025
COLLINS,AVE,31028,C025
COLLINS,AVE,31028,C031
COLLINS,AVE,31093,C035
COLLINS,AVE,31093,C035
COLLINS,LN,31088,C044
COLLINGS ESTATE,AVE,31028,C031
COLLINGS PARK,DR,31028,C031
COLLINGSTOWN,AVE,31028,C025
COLLINGSTOWN,AVE,31028,C031
COLONIAL,RD,31088,C015
COLONIAL OAKS,DR,31088,C030
COLUM,CT,31088,R001
COMMERCIAL,ALY,31028,C031
N COMMERCIAL,CIR,31093,C016
N COMMERCIAL,CIR,31093,C001
S COMMERCIAL,CIR,31088,C004
CONCORD,RDG,31093,R004
CONNIE,LN,31093,C005
CONSTITUTION,DR,31088,R005
CORBIN,AVE,31088,C018
CORDELE,ST,31098,C050
CORDER,RD,31088,C008
CORDER,RD,31088,C008
CORDER,RD,31088,C040
CORDER,RD,31088,C008
CORDER,RD,31088,C008
CORDER,RD,31088,C010
CORDER,RD,31088,C015
S CORDER,RD,31088,C040
CORINTH,ST,31088,C007
CORNELIA,DR,31088,C014
CORNELL,DR,31093,C023
CORPORATE,PT,31098,C050
CORPORATE POINT,"",31088,C007
CORTEZ,LN,31088,C042
COTTAGE,CT,31028,R018
COUNTRY,CV,31088,R007
COUNTRY,PL,31093,C022
COUNTRY,WALK,31088,R007
COUNTRYWOOD,DR,31088,C030
COUNTRYWOOD,TRL,31088,C030
COURTHOUSE,LN,31088,R010
COVE,CT,31028,C031
COVENTRY,DR,31093,,C035
COVEY,DR,31088,R003
COVEY,PT,31088,R003
CONVEY RISE,"",31088,R003
CONVEY RUN,CT,31088,R003
CONVEY RUN,DR,31088,R003
COX,DR,31093,C005
CRANE,CT,31088,R017
CRANFORD,ST,31093,C005
CRAWFORD,ST,31093,C005
CREEK COVE,TRL,31088,C007
CREEK CROSSING,DR,31088,C007
CREEKSIDE,DR,31088,C036
CREEKSIDE,DR,31088,C036
CREEKSIDE,DR,31088,C038
CREEKSIDE,DR,31088,C036
CREEKVIEW,TRL,31088,R011
CRESCENT,DR,31098,C011
CRESCENT,DR,31093,C005
CREST POINTE,"",31088,C041
CRESTRIDGE,CT,31028,C031
CRESTVIEW,DR,31088,C007
CRESTVIEW CHURCH,RD,31088,R009
CRESTWOOD,CIR,31028,C031
CRESTWOOD,CT,31028,C031
CRESTWOOD,RD,31093,C035
CRESTWOOD,TER,31088,C014
CROCKETT,CT,31088,R017
CROSS CREEK,WAY,31088,C030
CROSS LINK,TRL,31028,R008
CROSS RIDGE,DR,31028,C031
CROSSFIELD,DR,31088,R007
CROSSING,PL,31088,C044
CROWN,CT,31088,R013
CRYSTAL,CT,31093,R004
CUMBERLAND,RD,31088,C019
CUMBERLAND WOODS,TER,31088,R011
CURTIS,ST,31093,C001
CUSTER,CT,31093,R002
CUSTER,DR,31093,R002
CYNTHIA,WAY,31088,C015
CYPRESS,DR,31088,C007
DAKOTA,PL,31093,C012
DALTON,CT,31088,R021
DANA,CT,31093,R002
DANA,ST,31093,R002
DANE,TER,31088,R021
DANIELLE,WAY,31088,R022
DANVILLE,ST,31098,C050
DAVENTRY,LN,31088,R019
DAVID,TER,31028,C043
DAVIS,DR,31028,C025
N DAVIS,DR,31093,C001
N DAVIS,DR,31093,C000
N DAVIS,DR,31093,C001
N DAVIS,DR,31093,C005
N DAVIS,DR,31093,R002
S DAVIS,DR,31088,C004
S DAVIS,DR,31088,C014
DEBBIE,DR,31093,C022
DEBORAH,DR,31093,R004
DEBRA,DR,31088,C034
DEBRON,CT,31088,R016
DEER RUN,LN,31088,C007
DEER TRACK,CT,31088,R003
DEERFIELD,CIR,31088,R003
DEERWOOD,CIR,31088,C014
DEERWOOD,DR,31088,C041
DELAWARE,AVE,31093,C012
DELCHAMPS,DR,31093,C022
DELWOOD,CIR,31088,C004
DEMETREE,DR,31093,C005
DENNIS,DR,31093,C013
DENTAL,DR,31088,C034
DERBYSHIRE,WAY,31088,R020
DEVEN,CT,31088,R021
DEVONSHIRE,RD,31088,C018
DEVONWOOD,DR,31093,C005
DEWEY,ST,31093,C012
DIANNA,TER,31088,R009
DIGGS,BLVD,31093,C013
DIXIE,TRL,31093,C033
DIXON,ST,31088,C004
DOBBINS,AVE,31098,C057
E DOBBINS,AVE,31098,C057
DOE POINT,"",31093,R002
DOGWOOD,DR,31088,C004
DOGWOOD,DR,31098,C011
DOGWOOD,GLN,31028,C031
DONALD,DR,31093,C013
DONALD,DR,31093,C012
DONNA,DR,31088,C034
DONS,PL,31093,C023
DORAVILLE,CT,31088,R022
DOROTHY,CT,31088,R020
DOVE,CT,31088,R013
DOVECOT,DR,31088,R019
DOVER,CT,31093,C035
DOVER,DR,31088,C004
DOVER,DR,31088,C014
DOWNSHIRE,WAY,31088,R019
DOYLE,ST,31088,C004
DRAPER,ST,31088,C018
DRAYTON,CT,31088,R021
DRIFTWOOD,TER,31088,C014
DRY BROOK,CT,31088,R017
DRY CREEK,CT,31088,R015
DUDLEY,ST,31093,C005
DUKE,AVE,31093,C001
DUNBAR,RD,31093,R002
DUNBAR,RD,31093,R004






































